{
  "none": {
    "mean_pred": [
      8.968847696650436e-05,
      0.00012141617442838328,
      0.0001539240661694836,
      0.000214804285400482,
      0.0004257364562520834,
      0.0013737744523293098,
      0.0038041688728863198,
      0.008415549503366941,
      0.038668821933559916,
      0.5680842701402564
    ],
    "frac_pos": [
      0.0,
      0.0,
      0.00010398253093480295,
      0.0,
      0.00010398253093480295,
      0.0006238951856088177,
      0.0023915982115004677,
      0.007798689820110221,
      0.03951336175522512,
      0.5712800249558074
    ]
  },
  "class_weight": {
    "mean_pred": [
      0.00018545740857171973,
      0.0002770711872405001,
      0.00039758787414206177,
      0.0007052925208527486,
      0.002173371341561036,
      0.010147216480437688,
      0.035509285950725424,
      0.09006813463422939,
      0.3001624369473462,
      0.8485115932914609
    ],
    "frac_pos": [
      0.0,
      0.0,
      0.0,
      0.0,
      0.0,
      0.0005199126546740147,
      0.002703545804304877,
      0.006654881979827389,
      0.04148902984298638,
      0.570448164708329
    ]
  }
}